key,en,it,status,notes
"activity","Activity","Attività","",""
"altitude","Altitude","Altitudine","",""
"cancel","Cancel","Annulla","",""
"consent_form","Informed Consent","Consenso informato","",""
"do_you_agree_to_share_your_anonymous_location_with","This survey is for authorized participants only. To participate, you must have already provided informed consent directly to the research team. Each time you submit a survey form the app will also automatically transmit your location history, going back to the date when you started participating. By checking this box, you confirm that you have understood this information, and that you are authorized to participating and that you have already providfed informed consent to having any data you shared used in this way.","Questo questionario è riservato ai soli partecipanti autorizzati. Per partecipare, devi aver già fornito il consenso informato direttamente al gruppo di ricerca. Ogni volta che invii un modulo del questionario, l'app trasmetterà automaticamente anche la cronologia delle tue posizioni, a partire dalla data in cui hai iniziato a partecipare. Selezionando questa casella, confermi di aver compreso queste informazioni, di essere autorizzato a partecipare e di aver già fornito il consenso informato all'utilizzo in questo modo dei dati che condividi.","",""
"email_description","As an alternative, you can send us an email.","In alternativa, puoi inviarci un'email.","",""
"gender","gender","genere","",""
"github_button","Go to Github Issues","Vai a GitHub Issues","",""
"github_description","Report issues on github to get the fastest solution.","Segnala i problemi su GitHub per ottenere la soluzione più rapida.","",""
"language","Language","Lingua","",""
"locations_history","Locations History","Cronologia delle posizioni","",""
"report_an_issue","Report an Issue","Segnala un problema","",""
"report_email_btn1","Report an issue by email","Segnala un problema via email","",""
"report_email_btn2","Request a feature by email","Richiedi una funzionalità via email","",""
"report_summary","Help us improve by either reporting an issue or requesting a useful feature.","Aiutaci a migliorare segnalando un problema o richiedendo una nuova funzionalità.","",""
"reset","Reset","Reimposta","",""
"share_locations","Share Locations","Condividi posizioni","",""
"show_all_datapoints","Show all data points","Mostra tutti i punti dati","",""
"side_drawer_title","Wellbeing Mapper Menu","Menu di Wellbeing Mapper","",""
"speed","Speed","Velocità","",""
"submit","Submit","Invia","",""
"system_default","System default","Predefinito del sistema","",""
"visit_project_website","Visit Project Website","Visita il sito web del progetto","",""
